timeStamp,elapsed,label,responseCode,responseMessage,threadName,dataType,success,failureMessage,bytes,sentBytes,grpThreads,allThreads,URL,Latency,IdleTime,Connect
1667228219454,1019,Request1,200,OK,Thread Group 1-2,text,true,,18176,234,10,10,https://www.google.com/,406,0,83
1667228219454,406,Request1-0,301,Moved Permanently,Thread Group 1-2,text,true,,703,115,10,10,https://google.com/,406,0,83
1667228219861,612,Request1-1,200,OK,Thread Group 1-2,text,true,,17473,119,10,10,https://www.google.com/,601,0,180
1667228219351,1179,Request1,200,OK,Thread Group 1-1,text,true,,18121,234,10,10,https://www.google.com/,394,0,75
1667228219351,394,Request1-0,301,Moved Permanently,Thread Group 1-1,text,true,,703,115,10,10,https://google.com/,394,0,75
1667228219746,784,Request1-1,200,OK,Thread Group 1-1,text,true,,17418,119,10,10,https://www.google.com/,777,0,310
1667228219554,1177,Request1,200,OK,Thread Group 1-3,text,true,,18177,234,10,10,https://www.google.com/,657,0,319
1667228219554,657,Request1-0,301,Moved Permanently,Thread Group 1-3,text,true,,703,115,10,10,https://google.com/,657,0,319
1667228220211,520,Request1-1,200,OK,Thread Group 1-3,text,true,,17474,119,10,10,https://www.google.com/,511,0,81
1667228219853,1023,Request1,200,OK,Thread Group 1-6,text,true,,18257,234,10,10,https://www.google.com/,524,0,191
1667228219853,524,Request1-0,301,Moved Permanently,Thread Group 1-6,text,true,,703,115,10,10,https://google.com/,524,0,191
1667228220377,499,Request1-1,200,OK,Thread Group 1-6,text,true,,17554,119,10,10,https://www.google.com/,486,0,71
1667228219752,1134,Request1,200,OK,Thread Group 1-5,text,true,,18171,234,10,10,https://www.google.com/,622,0,292
1667228219752,622,Request1-0,301,Moved Permanently,Thread Group 1-5,text,true,,703,115,10,10,https://google.com/,622,0,292
1667228220375,511,Request1-1,200,OK,Thread Group 1-5,text,true,,17468,119,10,10,https://www.google.com/,498,0,73
1667228219952,1023,Request1,200,OK,Thread Group 1-7,text,true,,18238,234,10,10,https://www.google.com/,497,0,168
1667228219952,497,Request1-0,301,Moved Permanently,Thread Group 1-7,text,true,,703,115,10,10,https://google.com/,497,0,168
1667228220449,526,Request1-1,200,OK,Thread Group 1-7,text,true,,17535,119,10,10,https://www.google.com/,517,0,75
1667228220054,948,Request1,200,OK,Thread Group 1-8,text,true,,18191,234,10,10,https://www.google.com/,408,0,74
1667228220054,408,Request1-0,301,Moved Permanently,Thread Group 1-8,text,true,,703,115,10,10,https://google.com/,408,0,74
1667228220462,540,Request1-1,200,OK,Thread Group 1-8,text,true,,17488,119,10,10,https://www.google.com/,538,0,67
1667228220151,963,Request1,200,OK,Thread Group 1-9,text,true,,18213,234,10,10,https://www.google.com/,402,0,78
1667228220151,402,Request1-0,301,Moved Permanently,Thread Group 1-9,text,true,,703,115,10,10,https://google.com/,402,0,78
1667228220553,561,Request1-1,200,OK,Thread Group 1-9,text,true,,17510,119,10,10,https://www.google.com/,549,0,79
1667228220251,901,Request1,200,OK,Thread Group 1-10,text,true,,18241,234,10,10,https://www.google.com/,398,0,79
1667228220251,398,Request1-0,301,Moved Permanently,Thread Group 1-10,text,true,,703,115,10,10,https://google.com/,398,0,79
1667228220650,502,Request1-1,200,OK,Thread Group 1-10,text,true,,17538,119,10,10,https://www.google.com/,491,0,75
1667228219654,1893,Request1,200,OK,Thread Group 1-4,text,true,,18194,234,10,10,https://www.google.com/,1043,0,392
1667228219654,1043,Request1-0,301,Moved Permanently,Thread Group 1-4,text,true,,703,115,10,10,https://google.com/,1043,0,392
1667228220698,849,Request1-1,200,OK,Thread Group 1-4,text,true,,17491,119,10,10,https://www.google.com/,839,0,64
1667228220473,1119,Request1,200,OK,Thread Group 1-2,text,true,,18155,234,10,10,https://www.google.com/,642,0,0
1667228220473,642,Request1-0,301,Moved Permanently,Thread Group 1-2,text,true,,703,115,10,10,https://google.com/,642,0,0
1667228221115,477,Request1-1,200,OK,Thread Group 1-2,text,true,,17452,119,10,10,https://www.google.com/,467,0,0
1667228220877,749,Request1,200,OK,Thread Group 1-6,text,true,,18174,234,10,10,https://www.google.com/,333,0,0
1667228220877,333,Request1-0,301,Moved Permanently,Thread Group 1-6,text,true,,703,115,10,10,https://google.com/,333,0,0
1667228221210,416,Request1-1,200,OK,Thread Group 1-6,text,true,,17471,119,10,10,https://www.google.com/,405,0,0
1667228220886,806,Request1,200,OK,Thread Group 1-5,text,true,,18184,234,10,10,https://www.google.com/,332,0,0
1667228220886,332,Request1-0,301,Moved Permanently,Thread Group 1-5,text,true,,703,115,10,10,https://google.com/,332,0,0
1667228221218,474,Request1-1,200,OK,Thread Group 1-5,text,true,,17481,119,10,10,https://www.google.com/,474,0,0
1667228220531,1209,Request1,200,OK,Thread Group 1-1,text,true,,18146,234,10,10,https://www.google.com/,641,0,0
1667228220531,641,Request1-0,301,Moved Permanently,Thread Group 1-1,text,true,,703,115,10,10,https://google.com/,641,0,0
1667228221172,568,Request1-1,200,OK,Thread Group 1-1,text,true,,17443,119,10,10,https://www.google.com/,542,0,0
1667228221002,803,Request1,200,OK,Thread Group 1-8,text,true,,18220,234,10,10,https://www.google.com/,334,0,0
1667228221002,334,Request1-0,301,Moved Permanently,Thread Group 1-8,text,true,,703,115,10,10,https://google.com/,334,0,0
1667228221336,469,Request1-1,200,OK,Thread Group 1-8,text,true,,17517,119,10,10,https://www.google.com/,463,0,0
1667228221114,802,Request1,200,OK,Thread Group 1-9,text,true,,18184,234,10,10,https://www.google.com/,325,0,0
1667228221114,325,Request1-0,301,Moved Permanently,Thread Group 1-9,text,true,,703,115,10,10,https://google.com/,325,0,0
1667228221439,477,Request1-1,200,OK,Thread Group 1-9,text,true,,17481,119,10,10,https://www.google.com/,468,0,0
1667228220731,1541,Request1,200,OK,Thread Group 1-3,text,true,,18137,234,10,10,https://www.google.com/,326,0,0
1667228220731,326,Request1-0,301,Moved Permanently,Thread Group 1-3,text,true,,703,115,10,10,https://google.com/,326,0,0
1667228221057,1215,Request1-1,200,OK,Thread Group 1-3,text,true,,17434,119,10,10,https://www.google.com/,1211,0,0
1667228221547,799,Request1,200,OK,Thread Group 1-4,text,true,,18203,234,10,10,https://www.google.com/,332,0,0
1667228221547,332,Request1-0,301,Moved Permanently,Thread Group 1-4,text,true,,703,115,10,10,https://google.com/,332,0,0
1667228221879,467,Request1-1,200,OK,Thread Group 1-4,text,true,,17500,119,10,10,https://www.google.com/,461,0,0
1667228221626,866,Request1,200,OK,Thread Group 1-6,text,true,,18192,234,10,10,https://www.google.com/,442,0,0
1667228221626,442,Request1-0,301,Moved Permanently,Thread Group 1-6,text,true,,703,115,10,10,https://google.com/,442,0,0
1667228222067,425,Request1-1,200,OK,Thread Group 1-6,text,true,,17489,119,10,10,https://www.google.com/,412,0,0
1667228221741,783,Request1,200,OK,Thread Group 1-1,text,true,,18190,234,10,10,https://www.google.com/,332,0,0
1667228221741,332,Request1-0,301,Moved Permanently,Thread Group 1-1,text,true,,703,115,10,10,https://google.com/,332,0,0
1667228222072,452,Request1-1,200,OK,Thread Group 1-1,text,true,,17487,119,10,10,https://www.google.com/,436,0,0
1667228220976,1564,Request1,200,OK,Thread Group 1-7,text,true,,18214,234,10,10,https://www.google.com/,346,0,0
1667228220976,346,Request1-0,301,Moved Permanently,Thread Group 1-7,text,true,,703,115,10,10,https://google.com/,346,0,0
1667228221322,1218,Request1-1,200,OK,Thread Group 1-7,text,true,,17511,119,10,10,https://www.google.com/,1208,0,0
1667228221805,822,Request1,200,OK,Thread Group 1-8,text,true,,18247,234,10,10,https://www.google.com/,338,0,0
1667228221805,338,Request1-0,301,Moved Permanently,Thread Group 1-8,text,true,,703,115,10,10,https://google.com/,338,0,0
1667228222142,485,Request1-1,200,OK,Thread Group 1-8,text,true,,17544,119,10,10,https://www.google.com/,476,0,0
1667228221152,1550,Request1,200,OK,Thread Group 1-10,text,true,,18145,234,10,10,https://www.google.com/,1065,0,0
1667228221152,1065,Request1-0,301,Moved Permanently,Thread Group 1-10,text,true,,703,115,10,10,https://google.com/,1065,0,0
1667228222216,486,Request1-1,200,OK,Thread Group 1-10,text,true,,17442,119,10,10,https://www.google.com/,477,0,0
1667228221692,1128,Request1,200,OK,Thread Group 1-5,text,true,,18121,234,10,10,https://www.google.com/,681,0,0
1667228221692,681,Request1-0,301,Moved Permanently,Thread Group 1-5,text,true,,703,115,10,10,https://google.com/,681,0,0
1667228222372,448,Request1-1,200,OK,Thread Group 1-5,text,true,,17418,119,10,10,https://www.google.com/,433,0,0
1667228221916,1104,Request1,200,OK,Thread Group 1-9,text,true,,18213,234,10,10,https://www.google.com/,330,0,0
1667228221916,331,Request1-0,301,Moved Permanently,Thread Group 1-9,text,true,,703,115,10,10,https://google.com/,330,0,0
1667228222246,774,Request1-1,200,OK,Thread Group 1-9,text,true,,17510,119,10,10,https://www.google.com/,761,0,0
1667228222272,766,Request1,200,OK,Thread Group 1-3,text,true,,18224,234,10,10,https://www.google.com/,328,0,0
1667228222272,328,Request1-0,301,Moved Permanently,Thread Group 1-3,text,true,,703,115,10,10,https://google.com/,328,0,0
1667228222600,438,Request1-1,200,OK,Thread Group 1-3,text,true,,17521,119,10,10,https://www.google.com/,427,0,0
1667228221592,1471,Request1,200,OK,Thread Group 1-2,text,true,,18245,234,10,10,https://www.google.com/,1010,0,0
1667228221592,1010,Request1-0,301,Moved Permanently,Thread Group 1-2,text,true,,703,115,10,10,https://google.com/,1010,0,0
1667228222601,462,Request1-1,200,OK,Thread Group 1-2,text,true,,17542,119,10,10,https://www.google.com/,443,0,0
1667228222539,779,Request1,200,OK,Thread Group 1-7,text,true,,18177,234,10,10,https://www.google.com/,335,0,0
1667228222539,335,Request1-0,301,Moved Permanently,Thread Group 1-7,text,true,,703,115,10,10,https://google.com/,335,0,0
1667228222874,444,Request1-1,200,OK,Thread Group 1-7,text,true,,17474,119,10,10,https://www.google.com/,434,0,0
1667228222627,813,Request1,200,OK,Thread Group 1-8,text,true,,18171,234,10,10,https://www.google.com/,330,0,0
1667228222627,330,Request1-0,301,Moved Permanently,Thread Group 1-8,text,true,,703,115,10,10,https://google.com/,330,0,0
1667228222957,483,Request1-1,200,OK,Thread Group 1-8,text,true,,17468,119,10,10,https://www.google.com/,471,0,0
1667228222345,1127,Request1,200,OK,Thread Group 1-4,text,true,,18218,234,10,10,https://www.google.com/,334,0,0
1667228222345,334,Request1-0,301,Moved Permanently,Thread Group 1-4,text,true,,703,115,10,10,https://google.com/,334,0,0
1667228222679,793,Request1-1,200,OK,Thread Group 1-4,text,true,,17515,119,10,10,https://www.google.com/,786,0,0
1667228222492,1079,Request1,200,OK,Thread Group 1-6,text,true,,18182,234,10,10,https://www.google.com/,642,0,0
1667228222492,642,Request1-0,301,Moved Permanently,Thread Group 1-6,text,true,,703,115,10,10,https://google.com/,642,0,0
1667228223134,437,Request1-1,200,OK,Thread Group 1-6,text,true,,17479,119,10,10,https://www.google.com/,423,0,0
1667228222820,754,Request1,200,OK,Thread Group 1-5,text,true,,18173,234,10,10,https://www.google.com/,332,0,0
1667228222820,332,Request1-0,301,Moved Permanently,Thread Group 1-5,text,true,,703,115,10,10,https://google.com/,332,0,0
1667228223152,422,Request1-1,200,OK,Thread Group 1-5,text,true,,17470,119,10,10,https://www.google.com/,412,0,0
1667228223020,798,Request1,200,OK,Thread Group 1-9,text,true,,18168,234,10,10,https://www.google.com/,327,0,0
1667228223020,327,Request1-0,301,Moved Permanently,Thread Group 1-9,text,true,,703,115,10,10,https://google.com/,327,0,0
1667228223347,471,Request1-1,200,OK,Thread Group 1-9,text,true,,17465,119,10,10,https://www.google.com/,462,0,0
1667228222524,1585,Request1,200,OK,Thread Group 1-1,text,true,,18201,234,10,10,https://www.google.com/,1088,0,0
1667228222524,1088,Request1-0,301,Moved Permanently,Thread Group 1-1,text,true,,703,115,10,10,https://google.com/,1088,0,0
1667228223612,497,Request1-1,200,OK,Thread Group 1-1,text,true,,17498,119,10,10,https://www.google.com/,486,0,0
1667228222703,1498,Request1,200,OK,Thread Group 1-10,text,true,,18172,234,10,10,https://www.google.com/,319,0,0
1667228222703,319,Request1-0,301,Moved Permanently,Thread Group 1-10,text,true,,703,115,10,10,https://google.com/,319,0,0
1667228223022,1179,Request1-1,200,OK,Thread Group 1-10,text,true,,17469,119,10,10,https://www.google.com/,1169,0,0
1667228223472,787,Request1,200,OK,Thread Group 1-4,text,true,,18142,234,10,10,https://www.google.com/,335,0,0
1667228223472,335,Request1-0,301,Moved Permanently,Thread Group 1-4,text,true,,703,115,10,10,https://google.com/,335,0,0
1667228223807,452,Request1-1,200,OK,Thread Group 1-4,text,true,,17439,119,10,10,https://www.google.com/,442,0,0
1667228223571,760,Request1,200,OK,Thread Group 1-6,text,true,,18154,234,10,10,https://www.google.com/,331,0,0
1667228223571,331,Request1-0,301,Moved Permanently,Thread Group 1-6,text,true,,703,115,10,10,https://google.com/,331,0,0
1667228223902,429,Request1-1,200,OK,Thread Group 1-6,text,true,,17451,119,10,10,https://www.google.com/,420,0,0
1667228223575,779,Request1,200,OK,Thread Group 1-5,text,true,,18159,234,10,10,https://www.google.com/,327,0,0
1667228223575,327,Request1-0,301,Moved Permanently,Thread Group 1-5,text,true,,703,115,10,10,https://google.com/,327,0,0
1667228223902,452,Request1-1,200,OK,Thread Group 1-5,text,true,,17456,119,10,10,https://www.google.com/,435,0,0
1667228223440,1126,Request1,200,OK,Thread Group 1-8,text,true,,18175,234,10,10,https://www.google.com/,374,0,0
1667228223440,375,Request1-0,301,Moved Permanently,Thread Group 1-8,text,true,,703,115,10,10,https://google.com/,374,0,0
1667228223815,751,Request1-1,200,OK,Thread Group 1-8,text,true,,17472,119,10,10,https://www.google.com/,741,0,0
1667228223038,1539,Request1,200,OK,Thread Group 1-3,text,true,,18155,234,10,10,https://www.google.com/,332,0,0
1667228223038,332,Request1-0,301,Moved Permanently,Thread Group 1-3,text,true,,703,115,10,10,https://google.com/,332,0,0
1667228223370,1207,Request1-1,200,OK,Thread Group 1-3,text,true,,17452,119,10,10,https://www.google.com/,1196,0,0
1667228223818,812,Request1,200,OK,Thread Group 1-9,text,true,,18161,234,10,10,https://www.google.com/,329,0,0
1667228223818,329,Request1-0,301,Moved Permanently,Thread Group 1-9,text,true,,703,115,10,10,https://google.com/,329,0,0
1667228224147,483,Request1-1,200,OK,Thread Group 1-9,text,true,,17458,119,10,10,https://www.google.com/,473,0,0
1667228223318,1627,Request1,200,OK,Thread Group 1-7,text,true,,18197,234,10,10,https://www.google.com/,327,0,0
1667228223318,327,Request1-0,301,Moved Permanently,Thread Group 1-7,text,true,,703,115,10,10,https://google.com/,327,0,0
1667228223645,1300,Request1-1,200,OK,Thread Group 1-7,text,true,,17494,119,10,10,https://www.google.com/,1254,0,0
1667228224201,805,Request1,200,OK,Thread Group 1-10,text,true,,18133,234,10,10,https://www.google.com/,359,0,0
1667228224201,359,Request1-0,301,Moved Permanently,Thread Group 1-10,text,true,,703,115,10,10,https://google.com/,359,0,0
1667228224560,446,Request1-1,200,OK,Thread Group 1-10,text,true,,17430,119,10,10,https://www.google.com/,442,0,0
1667228224331,798,Request1,200,OK,Thread Group 1-6,text,true,,18182,234,10,10,https://www.google.com/,331,0,0
1667228224331,331,Request1-0,301,Moved Permanently,Thread Group 1-6,text,true,,703,115,10,10,https://google.com/,331,0,0
1667228224662,467,Request1-1,200,OK,Thread Group 1-6,text,true,,17479,119,10,10,https://www.google.com/,459,0,0
1667228224354,780,Request1,200,OK,Thread Group 1-5,text,true,,18249,234,10,10,https://www.google.com/,332,0,0
1667228224354,332,Request1-0,301,Moved Permanently,Thread Group 1-5,text,true,,703,115,10,10,https://google.com/,332,0,0
1667228224686,448,Request1-1,200,OK,Thread Group 1-5,text,true,,17546,119,10,10,https://www.google.com/,432,0,0
1667228224109,1091,Request1,200,OK,Thread Group 1-1,text,true,,18196,234,10,10,https://www.google.com/,317,0,0
1667228224109,317,Request1-0,301,Moved Permanently,Thread Group 1-1,text,true,,703,115,10,10,https://google.com/,317,0,0
1667228224426,774,Request1-1,200,OK,Thread Group 1-1,text,true,,17493,119,10,10,https://www.google.com/,754,0,0
1667228223064,2314,Request1,200,OK,Thread Group 1-2,text,true,,18166,234,10,10,https://www.google.com/,1817,0,0
1667228223064,1817,Request1-0,301,Moved Permanently,Thread Group 1-2,text,true,,703,115,10,10,https://google.com/,1817,0,0
1667228224881,497,Request1-1,200,OK,Thread Group 1-2,text,true,,17463,119,10,10,https://www.google.com/,483,0,0
1667228224577,805,Request1,200,OK,Thread Group 1-3,text,true,,18128,234,10,10,https://www.google.com/,364,0,0
1667228224577,364,Request1-0,301,Moved Permanently,Thread Group 1-3,text,true,,703,115,10,10,https://google.com/,364,0,0
1667228224941,441,Request1-1,200,OK,Thread Group 1-3,text,true,,17425,119,10,10,https://www.google.com/,430,0,0
1667228224566,854,Request1,200,OK,Thread Group 1-8,text,true,,18221,234,10,10,https://www.google.com/,336,0,0
1667228224566,336,Request1-0,301,Moved Permanently,Thread Group 1-8,text,true,,703,115,10,10,https://google.com/,336,0,0
1667228224902,518,Request1-1,200,OK,Thread Group 1-8,text,true,,17518,119,10,10,https://www.google.com/,508,0,0
1667228224631,842,Request1,200,OK,Thread Group 1-9,text,true,,18126,234,10,10,https://www.google.com/,325,0,0
1667228224631,325,Request1-0,301,Moved Permanently,Thread Group 1-9,text,true,,703,115,10,10,https://google.com/,325,0,0
1667228224956,517,Request1-1,200,OK,Thread Group 1-9,text,true,,17423,119,10,10,https://www.google.com/,516,0,0
1667228224260,1228,Request1,200,OK,Thread Group 1-4,text,true,,18201,234,10,10,https://www.google.com/,331,0,0
1667228224260,331,Request1-0,301,Moved Permanently,Thread Group 1-4,text,true,,703,115,10,10,https://google.com/,331,0,0
1667228224591,897,Request1-1,200,OK,Thread Group 1-4,text,true,,17498,119,10,10,https://www.google.com/,895,0,0
1667228224946,831,Request1,200,OK,Thread Group 1-7,text,true,,18209,234,10,10,https://www.google.com/,325,0,0
1667228224946,325,Request1-0,301,Moved Permanently,Thread Group 1-7,text,true,,703,115,10,10,https://google.com/,325,0,0
1667228225272,505,Request1-1,200,OK,Thread Group 1-7,text,true,,17506,119,10,10,https://www.google.com/,468,0,0
1667228225129,764,Request1,200,OK,Thread Group 1-6,text,true,,18164,234,10,10,https://www.google.com/,329,0,0
1667228225129,329,Request1-0,301,Moved Permanently,Thread Group 1-6,text,true,,703,115,10,10,https://google.com/,329,0,0
1667228225458,435,Request1-1,200,OK,Thread Group 1-6,text,true,,17461,119,10,10,https://www.google.com/,422,0,0
1667228225134,763,Request1,200,OK,Thread Group 1-5,text,true,,18194,234,10,10,https://www.google.com/,338,0,0
1667228225134,338,Request1-0,301,Moved Permanently,Thread Group 1-5,text,true,,703,115,10,10,https://google.com/,338,0,0
1667228225472,425,Request1-1,200,OK,Thread Group 1-5,text,true,,17491,119,10,10,https://www.google.com/,412,0,0
1667228225200,776,Request1,200,OK,Thread Group 1-1,text,true,,18122,234,10,10,https://www.google.com/,327,0,0
1667228225200,328,Request1-0,301,Moved Permanently,Thread Group 1-1,text,true,,703,115,10,10,https://google.com/,327,0,0
1667228225528,448,Request1-1,200,OK,Thread Group 1-1,text,true,,17419,119,10,10,https://www.google.com/,444,0,0
1667228225007,1127,Request1,200,OK,Thread Group 1-10,text,true,,18190,234,10,10,https://www.google.com/,679,0,0
1667228225007,679,Request1-0,301,Moved Permanently,Thread Group 1-10,text,true,,703,115,10,10,https://google.com/,679,0,0
1667228225686,448,Request1-1,200,OK,Thread Group 1-10,text,true,,17487,119,10,10,https://www.google.com/,433,0,0
1667228225378,811,Request1,200,OK,Thread Group 1-2,text,true,,18172,234,10,10,https://www.google.com/,326,0,0
1667228225378,326,Request1-0,301,Moved Permanently,Thread Group 1-2,text,true,,703,115,10,10,https://google.com/,326,0,0
1667228225705,484,Request1-1,200,OK,Thread Group 1-2,text,true,,17469,119,10,10,https://www.google.com/,469,0,0
1667228225420,1123,Request1,200,OK,Thread Group 1-8,text,true,,18166,234,10,10,https://www.google.com/,330,0,0
1667228225420,330,Request1-0,301,Moved Permanently,Thread Group 1-8,text,true,,703,115,10,10,https://google.com/,330,0,0
1667228225750,793,Request1-1,200,OK,Thread Group 1-8,text,true,,17463,119,10,10,https://www.google.com/,788,0,0
1667228225778,793,Request1,200,OK,Thread Group 1-7,text,true,,18138,234,10,10,https://www.google.com/,325,0,0
1667228225778,325,Request1-0,301,Moved Permanently,Thread Group 1-7,text,true,,703,115,10,10,https://google.com/,325,0,0
1667228226103,468,Request1-1,200,OK,Thread Group 1-7,text,true,,17435,119,10,10,https://www.google.com/,465,0,0
1667228225488,1106,Request1,200,OK,Thread Group 1-4,text,true,,18179,234,10,10,https://www.google.com/,329,0,0
1667228225488,329,Request1-0,301,Moved Permanently,Thread Group 1-4,text,true,,703,115,10,10,https://google.com/,329,0,0
1667228225818,776,Request1-1,200,OK,Thread Group 1-4,text,true,,17476,119,10,10,https://www.google.com/,774,0,0
1667228225893,810,Request1,200,OK,Thread Group 1-6,text,true,,18178,234,10,10,https://www.google.com/,335,0,0
1667228225893,335,Request1-0,301,Moved Permanently,Thread Group 1-6,text,true,,703,115,10,10,https://google.com/,335,0,0
1667228226228,475,Request1-1,200,OK,Thread Group 1-6,text,true,,17475,119,10,10,https://www.google.com/,465,0,0
1667228225382,1533,Request1,200,OK,Thread Group 1-3,text,true,,18208,234,10,10,https://www.google.com/,331,0,0
1667228225382,331,Request1-0,301,Moved Permanently,Thread Group 1-3,text,true,,703,115,10,10,https://google.com/,331,0,0
1667228225713,1202,Request1-1,200,OK,Thread Group 1-3,text,true,,17505,119,10,10,https://www.google.com/,1192,0,0
1667228226134,791,Request1,200,OK,Thread Group 1-10,text,true,,18242,234,10,10,https://www.google.com/,315,0,0
1667228226134,315,Request1-0,301,Moved Permanently,Thread Group 1-10,text,true,,703,115,10,10,https://google.com/,315,0,0
1667228226449,476,Request1-1,200,OK,Thread Group 1-10,text,true,,17539,119,10,10,https://www.google.com/,459,0,0
1667228225480,1479,Request1,200,OK,Thread Group 1-9,text,true,,18189,234,10,10,https://www.google.com/,332,0,0
1667228225480,332,Request1-0,301,Moved Permanently,Thread Group 1-9,text,true,,703,115,10,10,https://google.com/,332,0,0
1667228225812,1147,Request1-1,200,OK,Thread Group 1-9,text,true,,17486,119,10,10,https://www.google.com/,1140,0,0
1667228225897,1122,Request1,200,OK,Thread Group 1-5,text,true,,18184,234,10,10,https://www.google.com/,649,0,0
1667228225897,649,Request1-0,301,Moved Permanently,Thread Group 1-5,text,true,,703,115,10,10,https://google.com/,649,0,0
1667228226546,473,Request1-1,200,OK,Thread Group 1-5,text,true,,17481,119,10,10,https://www.google.com/,460,0,0
1667228226572,730,Request1,200,OK,Thread Group 1-7,text,true,,18112,234,10,10,https://www.google.com/,329,0,0
1667228226572,329,Request1-0,301,Moved Permanently,Thread Group 1-7,text,true,,703,115,10,10,https://google.com/,329,0,0
1667228226901,401,Request1-1,200,OK,Thread Group 1-7,text,true,,17409,119,10,10,https://www.google.com/,395,0,0
1667228226189,1120,Request1,200,OK,Thread Group 1-2,text,true,,18171,234,10,10,https://www.google.com/,641,0,0
1667228226189,641,Request1-0,301,Moved Permanently,Thread Group 1-2,text,true,,703,115,10,10,https://google.com/,641,0,0
1667228226830,479,Request1-1,200,OK,Thread Group 1-2,text,true,,17468,119,10,10,https://www.google.com/,469,0,0
1667228225976,1553,Request1,200,OK,Thread Group 1-1,text,true,,18152,234,10,10,https://www.google.com/,1080,0,0
1667228225976,1080,Request1-0,301,Moved Permanently,Thread Group 1-1,text,true,,703,115,10,10,https://google.com/,1080,0,0
1667228227057,472,Request1-1,200,OK,Thread Group 1-1,text,true,,17449,119,10,10,https://www.google.com/,472,0,0
1667228226543,1024,Request1,200,OK,Thread Group 1-8,text,true,,18204,234,10,10,https://www.google.com/,329,0,0
1667228226543,329,Request1-0,301,Moved Permanently,Thread Group 1-8,text,true,,703,115,10,10,https://google.com/,329,0,0
1667228226872,695,Request1-1,200,OK,Thread Group 1-8,text,true,,17501,119,10,10,https://www.google.com/,686,0,0
1667228226915,787,Request1,200,OK,Thread Group 1-3,text,true,,18137,234,10,10,https://www.google.com/,331,0,0
1667228226915,331,Request1-0,301,Moved Permanently,Thread Group 1-3,text,true,,703,115,10,10,https://google.com/,331,0,0
1667228227247,455,Request1-1,200,OK,Thread Group 1-3,text,true,,17434,119,10,10,https://www.google.com/,454,0,0
1667228226594,1109,Request1,200,OK,Thread Group 1-4,text,true,,18177,234,10,10,https://www.google.com/,331,0,0
1667228226594,331,Request1-0,301,Moved Permanently,Thread Group 1-4,text,true,,703,115,10,10,https://google.com/,331,0,0
1667228226925,778,Request1-1,200,OK,Thread Group 1-4,text,true,,17474,119,10,10,https://www.google.com/,770,0,0
1667228227020,743,Request1,200,OK,Thread Group 1-5,text,true,,18123,234,10,10,https://www.google.com/,330,0,0
1667228227020,330,Request1-0,301,Moved Permanently,Thread Group 1-5,text,true,,703,115,10,10,https://google.com/,330,0,0
1667228227350,413,Request1-1,200,OK,Thread Group 1-5,text,true,,17420,119,10,10,https://www.google.com/,412,0,0
1667228226960,860,Request1,200,OK,Thread Group 1-9,text,true,,18231,234,10,10,https://www.google.com/,334,0,0
1667228226960,334,Request1-0,301,Moved Permanently,Thread Group 1-9,text,true,,703,115,10,10,https://google.com/,334,0,0
1667228227295,525,Request1-1,200,OK,Thread Group 1-9,text,true,,17528,119,10,10,https://www.google.com/,514,0,0
1667228227310,787,Request1,200,OK,Thread Group 1-2,text,true,,18170,234,10,10,https://www.google.com/,323,0,0
1667228227310,323,Request1-0,301,Moved Permanently,Thread Group 1-2,text,true,,703,115,10,10,https://google.com/,323,0,0
1667228227633,464,Request1-1,200,OK,Thread Group 1-2,text,true,,17467,119,10,10,https://www.google.com/,462,0,0
1667228227303,803,Request1,200,OK,Thread Group 1-7,text,true,,18217,234,10,10,https://www.google.com/,331,0,0
1667228227303,331,Request1-0,301,Moved Permanently,Thread Group 1-7,text,true,,703,115,10,10,https://google.com/,331,0,0
1667228227634,472,Request1-1,200,OK,Thread Group 1-7,text,true,,17514,119,10,10,https://www.google.com/,465,0,0
1667228226703,1478,Request1,200,OK,Thread Group 1-6,text,true,,18136,234,10,10,https://www.google.com/,1052,0,0
1667228226703,1052,Request1-0,301,Moved Permanently,Thread Group 1-6,text,true,,703,115,10,10,https://google.com/,1052,0,0
1667228227756,425,Request1-1,200,OK,Thread Group 1-6,text,true,,17433,119,10,10,https://www.google.com/,420,0,0
1667228227532,767,Request1,200,OK,Thread Group 1-1,text,true,,18167,234,10,10,https://www.google.com/,325,0,0
1667228227532,325,Request1-0,301,Moved Permanently,Thread Group 1-1,text,true,,703,115,10,10,https://google.com/,325,0,0
1667228227857,442,Request1-1,200,OK,Thread Group 1-1,text,true,,17464,119,10,10,https://www.google.com/,425,0,0
1667228227569,752,Request1,200,OK,Thread Group 1-8,text,true,,18206,234,10,10,https://www.google.com/,323,0,0
1667228227569,323,Request1-0,301,Moved Permanently,Thread Group 1-8,text,true,,703,115,10,10,https://google.com/,323,0,0
1667228227892,429,Request1-1,200,OK,Thread Group 1-8,text,true,,17503,119,10,10,https://www.google.com/,417,0,0
1667228226925,1511,Request1,200,OK,Thread Group 1-10,text,true,,18218,234,10,10,https://www.google.com/,1074,0,0
1667228226925,1074,Request1-0,301,Moved Permanently,Thread Group 1-10,text,true,,703,115,10,10,https://google.com/,1074,0,0
1667228228000,436,Request1-1,200,OK,Thread Group 1-10,text,true,,17515,119,10,10,https://www.google.com/,426,0,0
1667228227704,797,Request1,200,OK,Thread Group 1-4,text,true,,18223,234,10,10,https://www.google.com/,326,0,0
1667228227704,326,Request1-0,301,Moved Permanently,Thread Group 1-4,text,true,,703,115,10,10,https://google.com/,326,0,0
1667228228030,471,Request1-1,200,OK,Thread Group 1-4,text,true,,17520,119,10,10,https://www.google.com/,460,0,0
1667228227763,810,Request1,200,OK,Thread Group 1-5,text,true,,18166,234,10,10,https://www.google.com/,322,0,0
1667228227763,322,Request1-0,301,Moved Permanently,Thread Group 1-5,text,true,,703,115,10,10,https://google.com/,322,0,0
1667228228085,488,Request1-1,200,OK,Thread Group 1-5,text,true,,17463,119,10,10,https://www.google.com/,478,0,0
1667228227820,793,Request1,200,OK,Thread Group 1-9,text,true,,18128,234,10,10,https://www.google.com/,320,0,0
1667228227820,320,Request1-0,301,Moved Permanently,Thread Group 1-9,text,true,,703,115,10,10,https://google.com/,320,0,0
1667228228140,473,Request1-1,200,OK,Thread Group 1-9,text,true,,17425,119,10,10,https://www.google.com/,472,0,0
1667228228097,752,Request1,200,OK,Thread Group 1-2,text,true,,18176,234,10,10,https://www.google.com/,330,0,0
1667228228097,330,Request1-0,301,Moved Permanently,Thread Group 1-2,text,true,,703,115,10,10,https://google.com/,330,0,0
1667228228427,422,Request1-1,200,OK,Thread Group 1-2,text,true,,17473,119,10,10,https://www.google.com/,417,0,0
1667228228107,772,Request1,200,OK,Thread Group 1-7,text,true,,18183,234,10,10,https://www.google.com/,330,0,0
1667228228107,330,Request1-0,301,Moved Permanently,Thread Group 1-7,text,true,,703,115,10,10,https://google.com/,330,0,0
1667228228437,442,Request1-1,200,OK,Thread Group 1-7,text,true,,17480,119,10,10,https://www.google.com/,428,0,0
1667228228182,851,Request1,200,OK,Thread Group 1-6,text,true,,18172,234,10,10,https://www.google.com/,411,0,0
1667228228182,411,Request1-0,301,Moved Permanently,Thread Group 1-6,text,true,,703,115,10,10,https://google.com/,411,0,0
1667228228593,440,Request1-1,200,OK,Thread Group 1-6,text,true,,17469,119,10,10,https://www.google.com/,418,0,0
1667228228299,734,Request1,200,OK,Thread Group 1-1,text,true,,18179,234,10,10,https://www.google.com/,323,0,0
1667228228299,323,Request1-0,301,Moved Permanently,Thread Group 1-1,text,true,,703,115,10,10,https://google.com/,323,0,0
1667228228622,411,Request1-1,200,OK,Thread Group 1-1,text,true,,17476,119,10,10,https://www.google.com/,394,0,0
1667228228321,812,Request1,200,OK,Thread Group 1-8,text,true,,18188,234,10,10,https://www.google.com/,329,0,0
1667228228321,329,Request1-0,301,Moved Permanently,Thread Group 1-8,text,true,,703,115,10,10,https://google.com/,329,0,0
1667228228650,483,Request1-1,200,OK,Thread Group 1-8,text,true,,17485,119,10,10,https://www.google.com/,473,0,0
1667228228436,790,Request1,200,OK,Thread Group 1-10,text,true,,18165,234,10,10,https://www.google.com/,349,0,0
1667228228436,349,Request1-0,301,Moved Permanently,Thread Group 1-10,text,true,,703,115,10,10,https://google.com/,349,0,0
1667228228785,441,Request1-1,200,OK,Thread Group 1-10,text,true,,17462,119,10,10,https://www.google.com/,426,0,0
1667228227702,1525,Request1,200,OK,Thread Group 1-3,text,true,,18215,234,10,10,https://www.google.com/,322,0,0
1667228227702,322,Request1-0,301,Moved Permanently,Thread Group 1-3,text,true,,703,115,10,10,https://google.com/,322,0,0
1667228228024,1203,Request1-1,200,OK,Thread Group 1-3,text,true,,17512,119,10,10,https://www.google.com/,1193,0,0
1667228228614,812,Request1,200,OK,Thread Group 1-9,text,true,,18287,234,10,10,https://www.google.com/,330,0,0
1667228228614,330,Request1-0,301,Moved Permanently,Thread Group 1-9,text,true,,703,115,10,10,https://google.com/,330,0,0
1667228228944,482,Request1-1,200,OK,Thread Group 1-9,text,true,,17584,119,10,10,https://www.google.com/,472,0,0
1667228228501,953,Request1,200,OK,Thread Group 1-4,text,true,,18225,234,10,10,https://www.google.com/,338,0,0
1667228228501,338,Request1-0,301,Moved Permanently,Thread Group 1-4,text,true,,703,115,10,10,https://google.com/,338,0,0
1667228228839,615,Request1-1,200,OK,Thread Group 1-4,text,true,,17522,119,10,10,https://www.google.com/,604,0,0
1667228228573,1052,Request1,200,OK,Thread Group 1-5,text,true,,18161,234,10,10,https://www.google.com/,569,0,0
1667228228573,569,Request1-0,301,Moved Permanently,Thread Group 1-5,text,true,,703,115,10,10,https://google.com/,569,0,0
1667228229142,483,Request1-1,200,OK,Thread Group 1-5,text,true,,17458,119,10,10,https://www.google.com/,473,0,0
1667228228879,780,Request1,200,OK,Thread Group 1-7,text,true,,18182,234,10,10,https://www.google.com/,335,0,0
1667228228879,335,Request1-0,301,Moved Permanently,Thread Group 1-7,text,true,,703,115,10,10,https://google.com/,335,0,0
1667228229214,445,Request1-1,200,OK,Thread Group 1-7,text,true,,17479,119,10,10,https://www.google.com/,441,0,0
1667228229133,799,Request1,200,OK,Thread Group 1-8,text,true,,18146,234,10,10,https://www.google.com/,328,0,0
1667228229133,328,Request1-0,301,Moved Permanently,Thread Group 1-8,text,true,,703,115,10,10,https://google.com/,328,0,0
1667228229461,471,Request1-1,200,OK,Thread Group 1-8,text,true,,17443,119,10,10,https://www.google.com/,463,0,0
1667228229454,799,Request1,200,OK,Thread Group 1-4,text,true,,18205,234,10,10,https://www.google.com/,326,0,0
1667228229454,326,Request1-0,301,Moved Permanently,Thread Group 1-4,text,true,,703,115,10,10,https://google.com/,326,0,0
1667228229780,473,Request1-1,200,OK,Thread Group 1-4,text,true,,17502,119,10,10,https://www.google.com/,465,0,0
1667228228849,1590,Request1,200,OK,Thread Group 1-2,text,true,,18188,234,10,10,https://www.google.com/,1136,0,0
1667228228849,1136,Request1-0,301,Moved Permanently,Thread Group 1-2,text,true,,703,115,10,10,https://google.com/,1136,0,0
1667228229985,454,Request1-1,200,OK,Thread Group 1-2,text,true,,17485,119,10,10,https://www.google.com/,440,0,0
1667228229033,1444,Request1,200,OK,Thread Group 1-6,text,true,,18191,234,10,10,https://www.google.com/,996,0,0
1667228229033,996,Request1-0,301,Moved Permanently,Thread Group 1-6,text,true,,703,115,10,10,https://google.com/,996,0,0
1667228230029,448,Request1-1,200,OK,Thread Group 1-6,text,true,,17488,119,10,10,https://www.google.com/,447,0,0
1667228229625,899,Request1,200,OK,Thread Group 1-5,text,true,,18157,234,10,10,https://www.google.com/,480,0,0
1667228229625,480,Request1-0,301,Moved Permanently,Thread Group 1-5,text,true,,703,115,10,10,https://google.com/,480,0,0
1667228230105,419,Request1-1,200,OK,Thread Group 1-5,text,true,,17454,119,10,10,https://www.google.com/,418,0,0
1667228229659,899,Request1,200,OK,Thread Group 1-7,text,true,,18170,234,10,10,https://www.google.com/,329,0,0
1667228229659,329,Request1-0,301,Moved Permanently,Thread Group 1-7,text,true,,703,115,10,10,https://google.com/,329,0,0
1667228229988,570,Request1-1,200,OK,Thread Group 1-7,text,true,,17467,119,10,10,https://www.google.com/,489,0,0
1667228229033,1584,Request1,200,OK,Thread Group 1-1,text,true,,18132,234,10,10,https://www.google.com/,1108,0,0
1667228229033,1108,Request1-0,301,Moved Permanently,Thread Group 1-1,text,true,,703,115,10,10,https://google.com/,1108,0,0
1667228230141,476,Request1-1,200,OK,Thread Group 1-1,text,true,,17429,119,10,10,https://www.google.com/,473,0,0
1667228229932,812,Request1,200,OK,Thread Group 1-8,text,true,,18180,234,10,10,https://www.google.com/,332,0,0
1667228229932,332,Request1-0,301,Moved Permanently,Thread Group 1-8,text,true,,703,115,10,10,https://google.com/,332,0,0
1667228230264,480,Request1-1,200,OK,Thread Group 1-8,text,true,,17477,119,10,10,https://www.google.com/,470,0,0
1667228229227,1571,Request1,200,OK,Thread Group 1-10,text,true,,18197,234,10,10,https://www.google.com/,1120,0,0
1667228229227,1120,Request1-0,301,Moved Permanently,Thread Group 1-10,text,true,,703,115,10,10,https://google.com/,1120,0,0
1667228230347,451,Request1-1,200,OK,Thread Group 1-10,text,true,,17494,119,10,10,https://www.google.com/,441,0,0
1667228230254,789,Request1,200,OK,Thread Group 1-4,text,true,,18217,234,10,10,https://www.google.com/,328,0,0
1667228230254,328,Request1-0,301,Moved Permanently,Thread Group 1-4,text,true,,703,115,10,10,https://google.com/,328,0,0
1667228230582,461,Request1-1,200,OK,Thread Group 1-4,text,true,,17514,119,10,10,https://www.google.com/,459,0,0
1667228229227,1894,Request1,200,OK,Thread Group 1-3,text,true,,18193,234,10,10,https://www.google.com/,323,0,0
1667228229227,323,Request1-0,301,Moved Permanently,Thread Group 1-3,text,true,,703,115,10,10,https://google.com/,323,0,0
1667228229550,1571,Request1-1,200,OK,Thread Group 1-3,text,true,,17490,119,10,10,https://www.google.com/,1561,0,0
1667228229426,1736,Request1,200,OK,Thread Group 1-9,text,true,,18220,234,10,10,https://www.google.com/,326,0,0
1667228229426,326,Request1-0,301,Moved Permanently,Thread Group 1-9,text,true,,703,115,10,10,https://google.com/,326,0,0
1667228229752,1410,Request1-1,200,OK,Thread Group 1-9,text,true,,17517,119,10,10,https://www.google.com/,1400,0,0
1667228230439,778,Request1,200,OK,Thread Group 1-2,text,true,,18221,234,10,10,https://www.google.com/,326,0,0
1667228230439,326,Request1-0,301,Moved Permanently,Thread Group 1-2,text,true,,703,115,10,10,https://google.com/,326,0,0
1667228230765,452,Request1-1,200,OK,Thread Group 1-2,text,true,,17518,119,10,10,https://www.google.com/,439,0,0
1667228230559,804,Request1,200,OK,Thread Group 1-7,text,true,,18213,234,10,10,https://www.google.com/,330,0,0
1667228230559,330,Request1-0,301,Moved Permanently,Thread Group 1-7,text,true,,703,115,10,10,https://google.com/,330,0,0
1667228230889,474,Request1-1,200,OK,Thread Group 1-7,text,true,,17510,119,10,10,https://www.google.com/,466,0,0
1667228230477,919,Request1,200,OK,Thread Group 1-6,text,true,,18171,234,10,10,https://www.google.com/,441,0,0
1667228230477,441,Request1-0,301,Moved Permanently,Thread Group 1-6,text,true,,703,115,10,10,https://google.com/,441,0,0
1667228230918,478,Request1-1,200,OK,Thread Group 1-6,text,true,,17468,119,10,10,https://www.google.com/,469,0,0
1667228230744,794,Request1,200,OK,Thread Group 1-8,text,true,,18137,234,10,10,https://www.google.com/,328,0,0
1667228230744,328,Request1-0,301,Moved Permanently,Thread Group 1-8,text,true,,703,115,10,10,https://google.com/,328,0,0
1667228231073,465,Request1-1,200,OK,Thread Group 1-8,text,true,,17434,119,10,10,https://www.google.com/,461,0,0
1667228230623,1086,Request1,200,OK,Thread Group 1-1,text,true,,18217,234,10,10,https://www.google.com/,327,0,0
1667228230623,327,Request1-0,301,Moved Permanently,Thread Group 1-1,text,true,,703,115,10,10,https://google.com/,327,0,0
1667228230950,759,Request1-1,200,OK,Thread Group 1-1,text,true,,17514,119,10,10,https://www.google.com/,745,0,0
1667228231134,772,Request1,200,OK,Thread Group 1-3,text,true,,18181,234,10,10,https://www.google.com/,332,0,0
1667228231134,332,Request1-0,301,Moved Permanently,Thread Group 1-3,text,true,,703,115,10,10,https://google.com/,332,0,0
1667228231466,440,Request1-1,200,OK,Thread Group 1-3,text,true,,17478,119,10,10,https://www.google.com/,429,0,0
1667228231217,792,Request1,200,OK,Thread Group 1-2,text,true,,18218,234,10,10,https://www.google.com/,333,0,0
1667228231217,333,Request1-0,301,Moved Permanently,Thread Group 1-2,text,true,,703,115,10,10,https://google.com/,333,0,0
1667228231550,459,Request1-1,200,OK,Thread Group 1-2,text,true,,17515,119,10,10,https://www.google.com/,450,0,0
1667228230524,1554,Request1,200,OK,Thread Group 1-5,text,true,,18183,234,10,10,https://www.google.com/,1165,0,0
1667228230524,1165,Request1-0,301,Moved Permanently,Thread Group 1-5,text,true,,703,115,10,10,https://google.com/,1165,0,0
1667228231689,389,Request1-1,200,OK,Thread Group 1-5,text,true,,17480,119,10,10,https://www.google.com/,389,0,0
1667228230798,1498,Request1,200,OK,Thread Group 1-10,text,true,,18082,234,10,10,https://www.google.com/,319,0,0
1667228230798,320,Request1-0,301,Moved Permanently,Thread Group 1-10,text,true,,703,115,10,10,https://google.com/,319,0,0
1667228231118,1178,Request1-1,200,OK,Thread Group 1-10,text,true,,17379,119,10,10,https://www.google.com/,1174,0,0
1667228231363,1145,Request1,200,OK,Thread Group 1-7,text,true,,18197,234,10,10,https://www.google.com/,334,0,0
1667228231363,334,Request1-0,301,Moved Permanently,Thread Group 1-7,text,true,,703,115,10,10,https://google.com/,334,0,0
1667228231697,811,Request1-1,200,OK,Thread Group 1-7,text,true,,17494,119,10,10,https://www.google.com/,802,0,0
1667228231043,1529,Request1,200,OK,Thread Group 1-4,text,true,,18213,234,10,10,https://www.google.com/,1055,0,0
1667228231043,1055,Request1-0,301,Moved Permanently,Thread Group 1-4,text,true,,703,115,10,10,https://google.com/,1055,0,0
1667228232097,475,Request1-1,200,OK,Thread Group 1-4,text,true,,17510,119,10,10,https://www.google.com/,467,0,0
1667228231163,1511,Request1,200,OK,Thread Group 1-9,text,true,,18193,234,10,10,https://www.google.com/,319,0,0
1667228231539,1134,Request1,200,OK,Thread Group 1-8,text,true,,18201,234,10,10,https://www.google.com/,328,0,0
1667228231163,319,Request1-0,301,Moved Permanently,Thread Group 1-9,text,true,,703,115,10,10,https://google.com/,319,0,0
1667228231482,1192,Request1-1,200,OK,Thread Group 1-9,text,true,,17490,119,10,10,https://www.google.com/,1175,0,0
1667228231539,328,Request1-0,301,Moved Permanently,Thread Group 1-8,text,true,,703,115,10,10,https://google.com/,328,0,0
1667228231867,806,Request1-1,200,OK,Thread Group 1-8,text,true,,17498,119,10,10,https://www.google.com/,790,0,0
1667228232008,757,Request1,200,OK,Thread Group 1-2,text,true,,18208,234,10,10,https://www.google.com/,326,0,0
1667228232008,326,Request1-0,301,Moved Permanently,Thread Group 1-2,text,true,,703,115,10,10,https://google.com/,326,0,0
1667228232334,431,Request1-1,200,OK,Thread Group 1-2,text,true,,17505,119,10,10,https://www.google.com/,419,0,0
1667228231397,1405,Request1,200,OK,Thread Group 1-6,text,true,,18129,234,10,10,https://www.google.com/,976,0,0
1667228231397,976,Request1-0,301,Moved Permanently,Thread Group 1-6,text,true,,703,115,10,10,https://google.com/,976,0,0
1667228232373,429,Request1-1,200,OK,Thread Group 1-6,text,true,,17426,119,10,10,https://www.google.com/,416,0,0
1667228232078,816,Request1,200,OK,Thread Group 1-5,text,true,,18191,234,10,10,https://www.google.com/,333,0,0
1667228232078,333,Request1-0,301,Moved Permanently,Thread Group 1-5,text,true,,703,115,10,10,https://google.com/,333,0,0
1667228232411,483,Request1-1,200,OK,Thread Group 1-5,text,true,,17488,119,10,10,https://www.google.com/,474,0,0
1667228232295,905,Request1,200,OK,Thread Group 1-10,text,true,,18190,234,10,10,https://www.google.com/,361,0,0
1667228232295,361,Request1-0,301,Moved Permanently,Thread Group 1-10,text,true,,703,115,10,10,https://google.com/,361,0,0
1667228232657,543,Request1-1,200,OK,Thread Group 1-10,text,true,,17487,119,10,10,https://www.google.com/,542,0,0
1667228231709,1564,Request1,200,OK,Thread Group 1-1,text,true,,18157,234,10,10,https://www.google.com/,785,0,0
1667228231709,785,Request1-0,301,Moved Permanently,Thread Group 1-1,text,true,,703,115,10,10,https://google.com/,785,0,0
1667228232493,780,Request1-1,200,OK,Thread Group 1-1,text,true,,17454,119,10,10,https://www.google.com/,773,0,0
1667228232507,802,Request1,200,OK,Thread Group 1-7,text,true,,18166,234,10,10,https://www.google.com/,331,0,0
1667228232507,331,Request1-0,301,Moved Permanently,Thread Group 1-7,text,true,,703,115,10,10,https://google.com/,331,0,0
1667228232838,471,Request1-1,200,OK,Thread Group 1-7,text,true,,17463,119,10,10,https://www.google.com/,447,0,0
1667228232573,767,Request1,200,OK,Thread Group 1-4,text,true,,18194,234,10,10,https://www.google.com/,338,0,0
1667228232573,338,Request1-0,301,Moved Permanently,Thread Group 1-4,text,true,,703,115,10,10,https://google.com/,338,0,0
1667228232911,429,Request1-1,200,OK,Thread Group 1-4,text,true,,17491,119,10,10,https://www.google.com/,415,0,0
1667228231906,1510,Request1,200,OK,Thread Group 1-3,text,true,,18162,234,10,10,https://www.google.com/,323,0,0
1667228231906,324,Request1-0,301,Moved Permanently,Thread Group 1-3,text,true,,703,115,10,10,https://google.com/,323,0,0
1667228232229,1187,Request1-1,200,OK,Thread Group 1-3,text,true,,17459,119,10,10,https://www.google.com/,1179,0,0
1667228232675,787,Request1,200,OK,Thread Group 1-9,text,true,,18192,234,10,10,https://www.google.com/,329,0,0
1667228232675,329,Request1-0,301,Moved Permanently,Thread Group 1-9,text,true,,703,115,10,10,https://google.com/,329,0,0
1667228233004,458,Request1-1,200,OK,Thread Group 1-9,text,true,,17489,119,10,10,https://www.google.com/,456,0,0
1667228232765,769,Request1,200,OK,Thread Group 1-2,text,true,,18096,234,10,10,https://www.google.com/,332,0,0
1667228232765,332,Request1-0,301,Moved Permanently,Thread Group 1-2,text,true,,703,115,10,10,https://google.com/,332,0,0
1667228233097,437,Request1-1,200,OK,Thread Group 1-2,text,true,,17393,119,10,10,https://www.google.com/,435,0,0
1667228232895,777,Request1,200,OK,Thread Group 1-5,text,true,,18177,234,10,10,https://www.google.com/,351,0,0
1667228232895,351,Request1-0,301,Moved Permanently,Thread Group 1-5,text,true,,703,115,10,10,https://google.com/,351,0,0
1667228233246,426,Request1-1,200,OK,Thread Group 1-5,text,true,,17474,119,10,10,https://www.google.com/,413,0,0
1667228232675,1139,Request1,200,OK,Thread Group 1-8,text,true,,18167,234,10,10,https://www.google.com/,324,0,0
1667228232675,324,Request1-0,301,Moved Permanently,Thread Group 1-8,text,true,,703,115,10,10,https://google.com/,324,0,0
1667228232999,815,Request1-1,200,OK,Thread Group 1-8,text,true,,17464,119,10,10,https://www.google.com/,815,0,0
1667228232802,1202,Request1,200,OK,Thread Group 1-6,text,true,,18222,234,10,10,https://www.google.com/,467,0,0
1667228232802,467,Request1-0,301,Moved Permanently,Thread Group 1-6,text,true,,703,115,10,10,https://google.com/,467,0,0
1667228233269,735,Request1-1,200,OK,Thread Group 1-6,text,true,,17519,119,10,10,https://www.google.com/,722,0,0
1667228233200,808,Request1,200,OK,Thread Group 1-10,text,true,,18183,234,10,10,https://www.google.com/,327,0,0
1667228233200,327,Request1-0,301,Moved Permanently,Thread Group 1-10,text,true,,703,115,10,10,https://google.com/,327,0,0
1667228233527,481,Request1-1,200,OK,Thread Group 1-10,text,true,,17480,119,10,10,https://www.google.com/,473,0,0
1667228233273,776,Request1,200,OK,Thread Group 1-1,text,true,,18175,234,10,10,https://www.google.com/,329,0,0
1667228233273,329,Request1-0,301,Moved Permanently,Thread Group 1-1,text,true,,703,115,10,10,https://google.com/,329,0,0
1667228233602,447,Request1-1,200,OK,Thread Group 1-1,text,true,,17472,119,10,10,https://www.google.com/,443,0,0
1667228233309,816,Request1,200,OK,Thread Group 1-7,text,true,,18209,234,10,10,https://www.google.com/,327,0,0
1667228233309,327,Request1-0,301,Moved Permanently,Thread Group 1-7,text,true,,703,115,10,10,https://google.com/,327,0,0
1667228233636,489,Request1-1,200,OK,Thread Group 1-7,text,true,,17506,119,10,10,https://www.google.com/,479,0,0
1667228233340,790,Request1,200,OK,Thread Group 1-4,text,true,,18197,234,10,10,https://www.google.com/,331,0,0
1667228233340,331,Request1-0,301,Moved Permanently,Thread Group 1-4,text,true,,703,115,10,10,https://google.com/,331,0,0
1667228233671,459,Request1-1,200,OK,Thread Group 1-4,text,true,,17494,119,10,10,https://www.google.com/,450,0,0
1667228233416,804,Request1,200,OK,Thread Group 1-3,text,true,,18240,234,10,10,https://www.google.com/,327,0,0
1667228233416,327,Request1-0,301,Moved Permanently,Thread Group 1-3,text,true,,703,115,10,10,https://google.com/,327,0,0
1667228233743,477,Request1-1,200,OK,Thread Group 1-3,text,true,,17537,119,10,10,https://www.google.com/,466,0,0
1667228233534,804,Request1,200,OK,Thread Group 1-2,text,true,,18224,234,10,10,https://www.google.com/,328,0,0
1667228233534,328,Request1-0,301,Moved Permanently,Thread Group 1-2,text,true,,703,115,10,10,https://google.com/,328,0,0
1667228233862,476,Request1-1,200,OK,Thread Group 1-2,text,true,,17521,119,10,10,https://www.google.com/,465,0,0
1667228233682,735,Request1,200,OK,Thread Group 1-5,text,true,,18163,234,10,10,https://www.google.com/,333,0,0
1667228233682,333,Request1-0,301,Moved Permanently,Thread Group 1-5,text,true,,703,115,10,10,https://google.com/,333,0,0
1667228234015,402,Request1-1,200,OK,Thread Group 1-5,text,true,,17460,119,10,10,https://www.google.com/,401,0,0
1667228233463,1126,Request1,200,OK,Thread Group 1-9,text,true,,18169,234,10,10,https://www.google.com/,324,0,0
1667228233463,325,Request1-0,301,Moved Permanently,Thread Group 1-9,text,true,,703,115,10,10,https://google.com/,324,0,0
1667228233788,801,Request1-1,200,OK,Thread Group 1-9,text,true,,17466,119,10,10,https://www.google.com/,786,0,0
1667228233814,777,Request1,200,OK,Thread Group 1-8,text,true,,18241,234,10,10,https://www.google.com/,327,0,0
1667228233814,327,Request1-0,301,Moved Permanently,Thread Group 1-8,text,true,,703,115,10,10,https://google.com/,327,0,0
1667228234141,450,Request1-1,200,OK,Thread Group 1-8,text,true,,17538,119,10,10,https://www.google.com/,440,0,0
1667228234131,759,Request1,200,OK,Thread Group 1-4,text,true,,18202,234,10,10,https://www.google.com/,334,0,0
1667228234131,334,Request1-0,301,Moved Permanently,Thread Group 1-4,text,true,,703,115,10,10,https://google.com/,334,0,0
1667228234465,425,Request1-1,200,OK,Thread Group 1-4,text,true,,17499,119,10,10,https://www.google.com/,413,0,0
1667228234004,1094,Request1,200,OK,Thread Group 1-6,text,true,,18152,234,10,10,https://www.google.com/,652,0,0
1667228234004,652,Request1-0,301,Moved Permanently,Thread Group 1-6,text,true,,703,115,10,10,https://google.com/,652,0,0
1667228234656,442,Request1-1,200,OK,Thread Group 1-6,text,true,,17449,119,10,10,https://www.google.com/,432,0,0
1667228234338,767,Request1,200,OK,Thread Group 1-2,text,true,,18172,234,10,10,https://www.google.com/,335,0,0
1667228234338,335,Request1-0,301,Moved Permanently,Thread Group 1-2,text,true,,703,115,10,10,https://google.com/,335,0,0
1667228234673,432,Request1-1,200,OK,Thread Group 1-2,text,true,,17469,119,10,10,https://www.google.com/,419,0,0
1667228234125,1197,Request1,200,OK,Thread Group 1-7,text,true,,18173,234,10,10,https://www.google.com/,340,0,0
1667228234125,340,Request1-0,301,Moved Permanently,Thread Group 1-7,text,true,,703,115,10,10,https://google.com/,340,0,0
1667228234465,857,Request1-1,200,OK,Thread Group 1-7,text,true,,17470,119,10,10,https://www.google.com/,856,0,0
1667228234589,928,Request1,200,OK,Thread Group 1-9,text,true,,18250,234,10,10,https://www.google.com/,453,0,0
1667228234589,453,Request1-0,301,Moved Permanently,Thread Group 1-9,text,true,,703,115,10,10,https://google.com/,453,0,0
1667228235043,474,Request1-1,200,OK,Thread Group 1-9,text,true,,17547,119,10,10,https://www.google.com/,473,0,0
1667228234592,936,Request1,200,OK,Thread Group 1-8,text,true,,18235,234,10,10,https://www.google.com/,450,0,0
1667228234592,450,Request1-0,301,Moved Permanently,Thread Group 1-8,text,true,,703,115,10,10,https://google.com/,450,0,0
1667228235042,486,Request1-1,200,OK,Thread Group 1-8,text,true,,17532,119,10,10,https://www.google.com/,483,0,0
1667228234008,1525,Request1,200,OK,Thread Group 1-10,text,true,,18172,234,10,10,https://www.google.com/,630,0,0
1667228234008,630,Request1-0,301,Moved Permanently,Thread Group 1-10,text,true,,703,115,10,10,https://google.com/,630,0,0
1667228234638,895,Request1-1,200,OK,Thread Group 1-10,text,true,,17469,119,10,10,https://www.google.com/,890,0,0
1667228234417,1123,Request1,200,OK,Thread Group 1-5,text,true,,18204,234,10,10,https://www.google.com/,635,0,0
1667228234417,635,Request1-0,301,Moved Permanently,Thread Group 1-5,text,true,,703,115,10,10,https://google.com/,635,0,0
1667228235052,488,Request1-1,200,OK,Thread Group 1-5,text,true,,17501,119,10,10,https://www.google.com/,476,0,0
1667228234049,1497,Request1,200,OK,Thread Group 1-1,text,true,,18183,234,10,10,https://www.google.com/,1093,0,0
1667228234049,1093,Request1-0,301,Moved Permanently,Thread Group 1-1,text,true,,703,115,10,10,https://google.com/,1093,0,0
1667228235142,404,Request1-1,200,OK,Thread Group 1-1,text,true,,17480,119,10,10,https://www.google.com/,403,0,0
1667228234220,1508,Request1,200,OK,Thread Group 1-3,text,true,,18167,234,10,10,https://www.google.com/,330,0,0
1667228234220,330,Request1-0,301,Moved Permanently,Thread Group 1-3,text,true,,703,115,10,10,https://google.com/,330,0,0
1667228234551,1177,Request1-1,200,OK,Thread Group 1-3,text,true,,17464,119,10,10,https://www.google.com/,1174,0,0
1667228234890,951,Request1,200,OK,Thread Group 1-4,text,true,,18156,234,10,10,https://www.google.com/,431,0,0
1667228234890,431,Request1-0,301,Moved Permanently,Thread Group 1-4,text,true,,703,115,10,10,https://google.com/,431,0,0
1667228235321,520,Request1-1,200,OK,Thread Group 1-4,text,true,,17453,119,10,10,https://www.google.com/,519,0,0
1667228235098,774,Request1,200,OK,Thread Group 1-6,text,true,,18150,234,10,10,https://www.google.com/,333,0,0
1667228235098,333,Request1-0,301,Moved Permanently,Thread Group 1-6,text,true,,703,115,10,10,https://google.com/,333,0,0
1667228235432,440,Request1-1,200,OK,Thread Group 1-6,text,true,,17447,119,10,10,https://www.google.com/,420,0,0
1667228235322,785,Request1,200,OK,Thread Group 1-7,text,true,,18211,234,10,10,https://www.google.com/,335,0,0
1667228235322,335,Request1-0,301,Moved Permanently,Thread Group 1-7,text,true,,703,115,10,10,https://google.com/,335,0,0
1667228235657,450,Request1-1,200,OK,Thread Group 1-7,text,true,,17508,119,10,10,https://www.google.com/,449,0,0
1667228235106,1288,Request1,200,OK,Thread Group 1-2,text,true,,18169,234,10,10,https://www.google.com/,734,0,0
1667228235106,734,Request1-0,301,Moved Permanently,Thread Group 1-2,text,true,,703,115,10,10,https://google.com/,734,0,0
1667228235841,553,Request1-1,200,OK,Thread Group 1-2,text,true,,17466,119,10,10,https://www.google.com/,539,0,0
1667228235540,855,Request1,200,OK,Thread Group 1-5,text,true,,18173,234,10,10,https://www.google.com/,327,0,0
1667228235540,327,Request1-0,301,Moved Permanently,Thread Group 1-5,text,true,,703,115,10,10,https://google.com/,327,0,0
1667228235867,528,Request1-1,200,OK,Thread Group 1-5,text,true,,17470,119,10,10,https://www.google.com/,527,0,0
1667228235528,872,Request1,200,OK,Thread Group 1-8,text,true,,18146,234,10,10,https://www.google.com/,334,0,0
1667228235528,334,Request1-0,301,Moved Permanently,Thread Group 1-8,text,true,,703,115,10,10,https://google.com/,334,0,0
1667228235862,538,Request1-1,200,OK,Thread Group 1-8,text,true,,17443,119,10,10,https://www.google.com/,535,0,0
1667228235546,855,Request1,200,OK,Thread Group 1-1,text,true,,18138,234,10,10,https://www.google.com/,362,0,0
1667228235546,362,Request1-0,301,Moved Permanently,Thread Group 1-1,text,true,,703,115,10,10,https://google.com/,362,0,0
1667228235908,493,Request1-1,200,OK,Thread Group 1-1,text,true,,17435,119,10,10,https://www.google.com/,492,0,0
1667228235841,798,Request1,200,OK,Thread Group 1-4,text,true,,18201,234,10,10,https://www.google.com/,330,0,0
1667228235841,330,Request1-0,301,Moved Permanently,Thread Group 1-4,text,true,,703,115,10,10,https://google.com/,330,0,0
1667228236171,468,Request1-1,200,OK,Thread Group 1-4,text,true,,17498,119,10,10,https://www.google.com/,468,0,0
1667228235533,1111,Request1,200,OK,Thread Group 1-10,text,true,,18173,234,10,10,https://www.google.com/,321,0,0
1667228235533,321,Request1-0,301,Moved Permanently,Thread Group 1-10,text,true,,703,115,10,10,https://google.com/,321,0,0
1667228235854,790,Request1-1,200,OK,Thread Group 1-10,text,true,,17470,119,10,10,https://www.google.com/,789,0,0
1667228235729,916,Request1,200,OK,Thread Group 1-3,text,true,,18212,234,10,10,https://www.google.com/,377,0,0
1667228235729,377,Request1-0,301,Moved Permanently,Thread Group 1-3,text,true,,703,115,10,10,https://google.com/,377,0,0
1667228236106,539,Request1-1,200,OK,Thread Group 1-3,text,true,,17509,119,10,10,https://www.google.com/,531,0,0
1667228236107,799,Request1,200,OK,Thread Group 1-7,text,true,,18236,234,10,10,https://www.google.com/,328,0,0
1667228236107,328,Request1-0,301,Moved Permanently,Thread Group 1-7,text,true,,703,115,10,10,https://google.com/,328,0,0
1667228236435,471,Request1-1,200,OK,Thread Group 1-7,text,true,,17533,119,10,10,https://www.google.com/,466,0,0
1667228235518,1508,Request1,200,OK,Thread Group 1-9,text,true,,18160,234,10,10,https://www.google.com/,331,0,0
1667228235518,331,Request1-0,301,Moved Permanently,Thread Group 1-9,text,true,,703,115,10,10,https://google.com/,331,0,0
1667228235849,1177,Request1-1,200,OK,Thread Group 1-9,text,true,,17457,119,10,10,https://www.google.com/,1167,0,0
1667228236394,774,Request1,200,OK,Thread Group 1-2,text,true,,18203,234,10,10,https://www.google.com/,327,0,0
1667228236394,327,Request1-0,301,Moved Permanently,Thread Group 1-2,text,true,,703,115,10,10,https://google.com/,327,0,0
1667228236721,447,Request1-1,200,OK,Thread Group 1-2,text,true,,17500,119,10,10,https://www.google.com/,447,0,0
1667228236646,795,Request1,200,OK,Thread Group 1-3,text,true,,18182,234,10,10,https://www.google.com/,326,0,0
1667228236646,326,Request1-0,301,Moved Permanently,Thread Group 1-3,text,true,,703,115,10,10,https://google.com/,326,0,0
1667228236973,468,Request1-1,200,OK,Thread Group 1-3,text,true,,17479,119,10,10,https://www.google.com/,466,0,0
1667228235872,1573,Request1,200,OK,Thread Group 1-6,text,true,,18169,234,10,10,https://www.google.com/,1092,0,0
1667228235872,1092,Request1-0,301,Moved Permanently,Thread Group 1-6,text,true,,703,115,10,10,https://google.com/,1092,0,0
1667228236965,480,Request1-1,200,OK,Thread Group 1-6,text,true,,17466,119,10,10,https://www.google.com/,479,0,0
1667228236395,1136,Request1,200,OK,Thread Group 1-5,text,true,,18189,234,10,10,https://www.google.com/,645,0,0
1667228236395,645,Request1-0,301,Moved Permanently,Thread Group 1-5,text,true,,703,115,10,10,https://google.com/,645,0,0
1667228237041,490,Request1-1,200,OK,Thread Group 1-5,text,true,,17486,119,10,10,https://www.google.com/,478,0,0
1667228236640,1067,Request1,200,OK,Thread Group 1-4,text,true,,18242,234,10,10,https://www.google.com/,639,0,0
1667228236640,639,Request1-0,301,Moved Permanently,Thread Group 1-4,text,true,,703,115,10,10,https://google.com/,639,0,0
1667228237281,426,Request1-1,200,OK,Thread Group 1-4,text,true,,17539,119,10,10,https://www.google.com/,424,0,0
1667228236906,828,Request1,200,OK,Thread Group 1-7,text,true,,18175,234,10,10,https://www.google.com/,340,0,0
1667228236906,340,Request1-0,301,Moved Permanently,Thread Group 1-7,text,true,,703,115,10,10,https://google.com/,340,0,0
1667228237247,487,Request1-1,200,OK,Thread Group 1-7,text,true,,17472,119,10,10,https://www.google.com/,453,0,0
1667228237027,940,Request1,200,OK,Thread Group 1-9,text,true,,18192,234,10,10,https://www.google.com/,408,0,0
1667228237027,408,Request1-0,301,Moved Permanently,Thread Group 1-9,text,true,,703,115,10,10,https://google.com/,408,0,0
1667228237435,532,Request1-1,200,OK,Thread Group 1-9,text,true,,17489,119,10,10,https://www.google.com/,531,0,0
1667228236644,1330,Request1,200,OK,Thread Group 1-10,text,true,,18164,234,10,10,https://www.google.com/,790,0,0
1667228236644,790,Request1-0,301,Moved Permanently,Thread Group 1-10,text,true,,703,115,10,10,https://google.com/,790,0,0
1667228237435,539,Request1-1,200,OK,Thread Group 1-10,text,true,,17461,119,10,10,https://www.google.com/,531,0,0
1667228237169,806,Request1,200,OK,Thread Group 1-2,text,true,,18179,234,10,10,https://www.google.com/,333,0,0
1667228236400,1575,Request1,200,OK,Thread Group 1-8,text,true,,18146,234,10,10,https://www.google.com/,1034,0,0
1667228237169,333,Request1-0,301,Moved Permanently,Thread Group 1-2,text,true,,703,115,10,10,https://google.com/,333,0,0
1667228236400,1034,Request1-0,301,Moved Permanently,Thread Group 1-8,text,true,,703,115,10,10,https://google.com/,1034,0,0
1667228237502,473,Request1-1,200,OK,Thread Group 1-2,text,true,,17476,119,10,10,https://www.google.com/,465,0,0
1667228237435,540,Request1-1,200,OK,Thread Group 1-8,text,true,,17443,119,10,10,https://www.google.com/,537,0,0
1667228237441,813,Request1,200,OK,Thread Group 1-3,text,true,,18143,234,10,10,https://www.google.com/,333,0,0
1667228237445,809,Request1,200,OK,Thread Group 1-6,text,true,,18197,234,10,10,https://www.google.com/,325,0,0
1667228237441,333,Request1-0,301,Moved Permanently,Thread Group 1-3,text,true,,703,115,10,10,https://google.com/,333,0,0
1667228237774,480,Request1-1,200,OK,Thread Group 1-3,text,true,,17440,119,10,10,https://www.google.com/,480,0,0
1667228237445,325,Request1-0,301,Moved Permanently,Thread Group 1-6,text,true,,703,115,10,10,https://google.com/,325,0,0
1667228237770,484,Request1-1,200,OK,Thread Group 1-6,text,true,,17494,119,10,10,https://www.google.com/,462,0,0
1667228237531,966,Request1,200,OK,Thread Group 1-5,text,true,,18221,234,10,10,https://www.google.com/,435,0,0
1667228237531,435,Request1-0,301,Moved Permanently,Thread Group 1-5,text,true,,703,115,10,10,https://google.com/,435,0,0
1667228237966,531,Request1-1,200,OK,Thread Group 1-5,text,true,,17518,119,10,10,https://www.google.com/,531,0,0
1667228237758,784,Request1,200,OK,Thread Group 1-7,text,true,,18210,234,10,10,https://www.google.com/,331,0,0
1667228237758,331,Request1-0,301,Moved Permanently,Thread Group 1-7,text,true,,703,115,10,10,https://google.com/,331,0,0
1667228238089,453,Request1-1,200,OK,Thread Group 1-7,text,true,,17507,119,10,10,https://www.google.com/,437,0,0
1667228237707,1063,Request1,200,OK,Thread Group 1-4,text,true,,18199,234,10,10,https://www.google.com/,525,0,0
1667228237975,798,Request1,200,OK,Thread Group 1-8,text,true,,18158,234,10,10,https://www.google.com/,324,0,0
1667228237975,795,Request1,200,OK,Thread Group 1-2,text,true,,18210,234,10,10,https://www.google.com/,333,0,0
1667228237707,525,Request1-0,301,Moved Permanently,Thread Group 1-4,text,true,,703,115,10,10,https://google.com/,525,0,0
1667228237975,324,Request1-0,301,Moved Permanently,Thread Group 1-8,text,true,,703,115,10,10,https://google.com/,324,0,0
1667228237975,333,Request1-0,301,Moved Permanently,Thread Group 1-2,text,true,,703,115,10,10,https://google.com/,333,0,0
1667228238232,538,Request1-1,200,OK,Thread Group 1-4,text,true,,17496,119,10,10,https://www.google.com/,530,0,0
1667228238299,474,Request1-1,200,OK,Thread Group 1-8,text,true,,17455,119,10,10,https://www.google.com/,473,0,0
1667228238308,462,Request1-1,200,OK,Thread Group 1-2,text,true,,17507,119,10,10,https://www.google.com/,456,0,0
1667228236402,2405,Request1,200,OK,Thread Group 1-1,text,true,,18153,234,10,10,https://www.google.com/,1032,0,0
1667228236402,1032,Request1-0,301,Moved Permanently,Thread Group 1-1,text,true,,703,115,10,10,https://google.com/,1032,0,0
1667228237435,1372,Request1-1,200,OK,Thread Group 1-1,text,true,,17450,119,10,10,https://www.google.com/,1363,0,0
1667228237975,1054,Request1,200,OK,Thread Group 1-10,text,true,,18238,234,10,10,https://www.google.com/,522,0,0
1667228237975,522,Request1-0,301,Moved Permanently,Thread Group 1-10,text,true,,703,115,10,10,https://google.com/,522,0,0
1667228238498,531,Request1-1,200,OK,Thread Group 1-10,text,true,,17535,119,10,10,https://www.google.com/,530,0,0
1667228238269,814,Request1,200,OK,Thread Group 1-3,text,true,,18192,234,10,10,https://www.google.com/,332,0,0
1667228238269,332,Request1-0,301,Moved Permanently,Thread Group 1-3,text,true,,703,115,10,10,https://google.com/,332,0,0
1667228238601,482,Request1-1,200,OK,Thread Group 1-3,text,true,,17489,119,10,10,https://www.google.com/,470,0,0
1667228237967,1120,Request1,200,OK,Thread Group 1-9,text,true,,18215,234,10,10,https://www.google.com/,332,0,0
1667228237967,332,Request1-0,301,Moved Permanently,Thread Group 1-9,text,true,,703,115,10,10,https://google.com/,332,0,0
1667228238299,788,Request1-1,200,OK,Thread Group 1-9,text,true,,17512,119,10,10,https://www.google.com/,777,0,0
1667228238497,798,Request1,200,OK,Thread Group 1-5,text,true,,18139,234,10,10,https://www.google.com/,328,0,0
1667228238497,328,Request1-0,301,Moved Permanently,Thread Group 1-5,text,true,,703,115,10,10,https://google.com/,328,0,0
1667228238825,470,Request1-1,200,OK,Thread Group 1-5,text,true,,17436,119,10,10,https://www.google.com/,470,0,0
1667228238542,827,Request1,200,OK,Thread Group 1-7,text,true,,18207,234,10,10,https://www.google.com/,331,0,0
1667228238542,331,Request1-0,301,Moved Permanently,Thread Group 1-7,text,true,,703,115,10,10,https://google.com/,331,0,0
1667228238873,496,Request1-1,200,OK,Thread Group 1-7,text,true,,17504,119,10,10,https://www.google.com/,484,0,0
1667228238775,792,Request1,200,OK,Thread Group 1-4,text,true,,18117,234,9,9,https://www.google.com/,328,0,0
1667228238775,328,Request1-0,301,Moved Permanently,Thread Group 1-4,text,true,,703,115,9,9,https://google.com/,328,0,0
1667228239104,463,Request1-1,200,OK,Thread Group 1-4,text,true,,17414,119,9,9,https://www.google.com/,461,0,0
1667228238775,794,Request1,200,OK,Thread Group 1-2,text,true,,18208,234,8,8,https://www.google.com/,328,0,0
1667228238775,328,Request1-0,301,Moved Permanently,Thread Group 1-2,text,true,,703,115,8,8,https://google.com/,328,0,0
1667228239103,466,Request1-1,200,OK,Thread Group 1-2,text,true,,17505,119,8,8,https://www.google.com/,459,0,0
1667228238775,802,Request1,200,OK,Thread Group 1-8,text,true,,18190,234,7,7,https://www.google.com/,331,0,0
1667228238775,331,Request1-0,301,Moved Permanently,Thread Group 1-8,text,true,,703,115,7,7,https://google.com/,331,0,0
1667228239106,471,Request1-1,200,OK,Thread Group 1-8,text,true,,17487,119,7,7,https://www.google.com/,463,0,0
1667228238807,776,Request1,200,OK,Thread Group 1-1,text,true,,18219,234,6,6,https://www.google.com/,329,0,0
1667228238807,329,Request1-0,301,Moved Permanently,Thread Group 1-1,text,true,,703,115,6,6,https://google.com/,329,0,0
1667228239137,446,Request1-1,200,OK,Thread Group 1-1,text,true,,17516,119,6,6,https://www.google.com/,436,0,0
1667228238269,1571,Request1,200,OK,Thread Group 1-6,text,true,,18180,234,5,5,https://www.google.com/,1040,0,0
1667228238269,1040,Request1-0,301,Moved Permanently,Thread Group 1-6,text,true,,703,115,5,5,https://google.com/,1040,0,0
1667228239309,531,Request1-1,200,OK,Thread Group 1-6,text,true,,17477,119,5,5,https://www.google.com/,516,0,0
1667228239087,777,Request1,200,OK,Thread Group 1-9,text,true,,18207,234,4,4,https://www.google.com/,323,0,0
1667228239087,323,Request1-0,301,Moved Permanently,Thread Group 1-9,text,true,,703,115,4,4,https://google.com/,323,0,0
1667228239410,454,Request1-1,200,OK,Thread Group 1-9,text,true,,17504,119,4,4,https://www.google.com/,444,0,0
1667228239083,808,Request1,200,OK,Thread Group 1-3,text,true,,18145,234,3,3,https://www.google.com/,332,0,0
1667228239083,332,Request1-0,301,Moved Permanently,Thread Group 1-3,text,true,,703,115,3,3,https://google.com/,332,0,0
1667228239416,475,Request1-1,200,OK,Thread Group 1-3,text,true,,17442,119,3,3,https://www.google.com/,465,0,0
1667228239295,796,Request1,200,OK,Thread Group 1-5,text,true,,18139,234,2,2,https://www.google.com/,327,0,0
1667228239295,327,Request1-0,301,Moved Permanently,Thread Group 1-5,text,true,,703,115,2,2,https://google.com/,327,0,0
1667228239622,469,Request1-1,200,OK,Thread Group 1-5,text,true,,17436,119,2,2,https://www.google.com/,469,0,0
1667228239029,1450,Request1,200,OK,Thread Group 1-10,text,true,,18293,234,1,1,https://www.google.com/,806,0,0
1667228239029,806,Request1-0,301,Moved Permanently,Thread Group 1-10,text,true,,703,115,1,1,https://google.com/,806,0,0
1667228239836,643,Request1-1,200,OK,Thread Group 1-10,text,true,,17590,119,1,1,https://www.google.com/,633,0,0
